metric,mean,std,ci95_low,ci95_high,n
auprc,0.5,0.5,0.0,1.0,3
auroc,0.0,,0.0,0.0,1
hpo_best_score,1.4037421941757202,0.19935418936108187,1.1739184856414795,1.5299628973007202,3
hpo_metric,,,,,0
hpo_mode,,,,,0
